[
  {
    "description": "",
    "elements": [
      {
        "description": "",
        "id": "login-leaftaps-application;create-a-new-lead-in-leaftaps-application",
        "keyword": "Scenario",
        "line": 2,
        "name": "Create a new lead in leaftaps application",
        "steps": [
          {
            "keyword": "Before",
            "hidden": true,
            "result": {
              "status": "passed",
              "duration": 548600
            }
          },
          {
            "arguments": [],
            "keyword": "Given ",
            "line": 3,
            "name": "Load the url",
            "match": {
              "location": "tests\\steps\\Login.steps.js:6"
            },
            "result": {
              "status": "passed",
              "duration": 1355129000
            }
          },
          {
            "arguments": [],
            "keyword": "Given ",
            "line": 4,
            "name": "I login with 'demosalesmanager' and 'crmsfa'",
            "match": {
              "location": "tests\\steps\\Login.steps.js:11"
            },
            "result": {
              "status": "passed",
              "duration": 184743099
            }
          },
          {
            "arguments": [],
            "keyword": "When ",
            "line": 5,
            "name": "Clicked on Login button",
            "match": {
              "location": "tests\\steps\\Login.steps.js:15"
            },
            "result": {
              "status": "passed",
              "duration": 216213999
            }
          },
          {
            "arguments": [],
            "keyword": "And ",
            "line": 6,
            "name": "Click crmsfa hyper link",
            "match": {
              "location": "tests\\steps\\CreateLead.steps.js:7"
            },
            "result": {
              "status": "failed",
              "duration": 281431099,
              "error_message": "page.click: selector: expected string, got undefined\n    at CreateLeadPage.clickCrmsfaLink (C:\\Users\\admin\\Downloads\\New Cucumber\\tests\\pages\\CreateLeadPage.js:18:25)\n    at async CustomWorld.<anonymous> (C:\\Users\\admin\\Downloads\\New Cucumber\\tests\\steps\\CreateLead.steps.js:9:5)"
            }
          },
          {
            "arguments": [],
            "keyword": "And ",
            "line": 7,
            "name": "Click leads tap",
            "match": {
              "location": "tests\\steps\\CreateLead.steps.js:13"
            },
            "result": {
              "status": "skipped",
              "duration": 0
            }
          },
          {
            "arguments": [],
            "keyword": "And ",
            "line": 8,
            "name": "Click on createLead button",
            "match": {
              "location": "tests\\steps\\CreateLead.steps.js:16"
            },
            "result": {
              "status": "skipped",
              "duration": 0
            }
          },
          {
            "arguments": [],
            "keyword": "Given ",
            "line": 9,
            "name": "Enter the first name",
            "match": {
              "location": "tests\\steps\\CreateLead.steps.js:19"
            },
            "result": {
              "status": "skipped",
              "duration": 0
            }
          },
          {
            "arguments": [],
            "keyword": "And ",
            "line": 10,
            "name": "Enter the last name",
            "match": {
              "location": "tests\\steps\\CreateLead.steps.js:22"
            },
            "result": {
              "status": "skipped",
              "duration": 0
            }
          },
          {
            "arguments": [],
            "keyword": "And ",
            "line": 11,
            "name": "Enter the company name",
            "match": {
              "location": "tests\\steps\\CreateLead.steps.js:25"
            },
            "result": {
              "status": "skipped",
              "duration": 0
            }
          },
          {
            "arguments": [],
            "keyword": "When ",
            "line": 12,
            "name": "click on submit button",
            "match": {
              "location": "tests\\steps\\CreateLead.steps.js:29"
            },
            "result": {
              "status": "skipped",
              "duration": 0
            }
          },
          {
            "arguments": [],
            "keyword": "Then ",
            "line": 13,
            "name": "The lead create successfully",
            "match": {
              "location": "tests\\steps\\CreateLead.steps.js:43"
            },
            "result": {
              "status": "skipped",
              "duration": 0
            }
          },
          {
            "keyword": "After",
            "hidden": true,
            "result": {
              "status": "passed",
              "duration": 553004299
            }
          }
        ],
        "tags": [],
        "type": "scenario"
      }
    ],
    "id": "login-leaftaps-application",
    "line": 1,
    "keyword": "Feature",
    "name": "Login leaftaps application",
    "tags": [],
    "uri": "tests\\features\\createLead.feature"
  }
]